customer_id,customer_name,city,segment,signup_date
1,Customer_1,Chennai,Corporate,2023-05-06
2,Customer_2,Kolkata,Consumer,2022-10-12
3,Customer_3,Bangalore,Corporate,2022-09-29
4,Customer_4,Kolkata,Consumer,2022-05-12
5,Customer_5,Kolkata,Home Office,2023-12-10
6,Customer_6,Mumbai,Home Office,2023-05-16
7,Customer_7,Bangalore,Consumer,2023-09-16
8,Customer_8,Bangalore,Consumer,2022-05-30
9,Customer_9,Bangalore,Consumer,2022-11-26
10,Customer_10,Kolkata,Home Office,2022-04-23
11,Customer_11,Chennai,Consumer,2023-11-10
12,Customer_12,Bangalore,Home Office,2022-08-12
13,Customer_13,Kolkata,Corporate,2022-01-02
14,Customer_14,Mumbai,Home Office,2022-06-27
15,Customer_15,Chennai,Home Office,2022-04-01
16,Customer_16,Mumbai,Corporate,2022-11-28
17,Customer_17,Chennai,Home Office,2022-03-24
18,Customer_18,Kolkata,Consumer,2022-07-23
19,Customer_19,Delhi,Consumer,2023-12-13
20,Customer_20,Chennai,Home Office,2022-02-08
21,Customer_21,Mumbai,Consumer,2022-03-26
22,Customer_22,Kolkata,Home Office,2023-04-23
23,Customer_23,Chennai,Consumer,2022-05-12
24,Customer_24,Delhi,Consumer,2023-06-09
25,Customer_25,Delhi,Home Office,2023-12-05
26,Customer_26,Bangalore,Consumer,2022-11-02
27,Customer_27,Bangalore,Home Office,2023-06-24
28,Customer_28,Mumbai,Consumer,2022-11-15
29,Customer_29,Chennai,Consumer,2022-01-01
30,Customer_30,Chennai,Corporate,2022-07-29
31,Customer_31,Bangalore,Corporate,2023-02-25
32,Customer_32,Chennai,Home Office,2022-07-20
33,Customer_33,Chennai,Corporate,2023-09-02
34,Customer_34,Delhi,Home Office,2022-01-17
35,Customer_35,Bangalore,Corporate,2022-02-02
36,Customer_36,Kolkata,Consumer,2023-10-29
37,Customer_37,Bangalore,Home Office,2022-12-09
38,Customer_38,Kolkata,Home Office,2023-02-15
39,Customer_39,Delhi,Consumer,2022-03-19
40,Customer_40,Mumbai,Home Office,2022-07-01
41,Customer_41,Chennai,Home Office,2022-07-12
42,Customer_42,Delhi,Corporate,2023-09-18
43,Customer_43,Chennai,Home Office,2022-07-13
44,Customer_44,Mumbai,Consumer,2023-06-27
45,Customer_45,Mumbai,Corporate,2022-03-22
46,Customer_46,Delhi,Corporate,2022-01-26
47,Customer_47,Mumbai,Consumer,2022-07-28
48,Customer_48,Kolkata,Consumer,2023-09-17
49,Customer_49,Mumbai,Corporate,2023-09-21
50,Customer_50,Chennai,Home Office,2022-06-04
51,Customer_51,Chennai,Corporate,2022-12-22
52,Customer_52,Chennai,Consumer,2022-10-29
53,Customer_53,Chennai,Corporate,2022-05-31
54,Customer_54,Kolkata,Consumer,2022-07-17
55,Customer_55,Bangalore,Corporate,2022-09-18
56,Customer_56,Delhi,Home Office,2022-05-16
57,Customer_57,Chennai,Corporate,2023-10-17
58,Customer_58,Mumbai,Corporate,2022-03-07
59,Customer_59,Chennai,Consumer,2023-02-13
60,Customer_60,Mumbai,Consumer,2023-08-27
61,Customer_61,Mumbai,Consumer,2023-12-25
62,Customer_62,Chennai,Corporate,2022-07-28
63,Customer_63,Kolkata,Home Office,2022-02-15
64,Customer_64,Mumbai,Consumer,2023-05-28
65,Customer_65,Mumbai,Consumer,2023-02-03
66,Customer_66,Chennai,Corporate,2023-02-07
67,Customer_67,Mumbai,Consumer,2023-09-24
68,Customer_68,Mumbai,Home Office,2023-05-11
69,Customer_69,Chennai,Home Office,2022-01-23
70,Customer_70,Chennai,Consumer,2022-11-06
71,Customer_71,Delhi,Consumer,2022-04-08
72,Customer_72,Kolkata,Corporate,2022-09-19
73,Customer_73,Kolkata,Home Office,2023-06-02
74,Customer_74,Mumbai,Home Office,2023-08-02
75,Customer_75,Kolkata,Consumer,2022-04-26
76,Customer_76,Mumbai,Corporate,2022-02-09
77,Customer_77,Delhi,Home Office,2023-01-12
78,Customer_78,Chennai,Home Office,2022-01-12
79,Customer_79,Chennai,Corporate,2023-01-29
80,Customer_80,Chennai,Corporate,2023-11-02
81,Customer_81,Kolkata,Home Office,2023-05-23
82,Customer_82,Delhi,Home Office,2022-06-24
83,Customer_83,Kolkata,Corporate,2023-12-30
84,Customer_84,Kolkata,Home Office,2022-11-14
85,Customer_85,Delhi,Consumer,2023-11-16
86,Customer_86,Delhi,Consumer,2022-12-26
87,Customer_87,Delhi,Corporate,2022-03-08
88,Customer_88,Delhi,Corporate,2023-11-19
89,Customer_89,Chennai,Corporate,2023-07-23
90,Customer_90,Bangalore,Consumer,2023-06-12
91,Customer_91,Bangalore,Home Office,2022-10-11
92,Customer_92,Delhi,Consumer,2023-06-25
93,Customer_93,Bangalore,Home Office,2022-12-25
94,Customer_94,Bangalore,Consumer,2022-09-11
95,Customer_95,Delhi,Home Office,2023-01-18
96,Customer_96,Bangalore,Consumer,2022-05-11
97,Customer_97,Kolkata,Corporate,2023-03-17
98,Customer_98,Mumbai,Consumer,2023-01-13
99,Customer_99,Mumbai,Home Office,2023-02-01
100,Customer_100,Delhi,Consumer,2023-03-02
101,Customer_101,Chennai,Consumer,2022-04-24
102,Customer_102,Delhi,Consumer,2022-04-22
103,Customer_103,Chennai,Corporate,2022-09-21
104,Customer_104,Mumbai,Consumer,2023-07-31
105,Customer_105,Delhi,Corporate,2022-11-29
106,Customer_106,Kolkata,Corporate,2023-11-30
107,Customer_107,Bangalore,Consumer,2023-09-27
108,Customer_108,Chennai,Consumer,2022-11-25
109,Customer_109,Bangalore,Consumer,2022-04-14
110,Customer_110,Bangalore,Home Office,2023-04-24
111,Customer_111,Delhi,Consumer,2023-04-04
112,Customer_112,Bangalore,Corporate,2023-12-09
113,Customer_113,Kolkata,Consumer,2022-05-21
114,Customer_114,Bangalore,Home Office,2023-04-27
115,Customer_115,Delhi,Consumer,2022-02-11
116,Customer_116,Kolkata,Home Office,2023-03-16
117,Customer_117,Mumbai,Home Office,2022-12-24
118,Customer_118,Bangalore,Consumer,2023-07-08
119,Customer_119,Delhi,Corporate,2023-09-26
120,Customer_120,Mumbai,Home Office,2023-01-28
121,Customer_121,Mumbai,Consumer,2022-03-24
122,Customer_122,Chennai,Consumer,2023-07-25
123,Customer_123,Kolkata,Corporate,2022-04-04
124,Customer_124,Bangalore,Home Office,2023-05-17
125,Customer_125,Delhi,Home Office,2022-06-28
126,Customer_126,Chennai,Consumer,2023-12-12
127,Customer_127,Kolkata,Consumer,2023-10-27
128,Customer_128,Chennai,Corporate,2023-09-11
129,Customer_129,Kolkata,Corporate,2022-08-16
130,Customer_130,Kolkata,Home Office,2023-07-04
131,Customer_131,Bangalore,Home Office,2023-10-27
132,Customer_132,Kolkata,Consumer,2023-02-17
133,Customer_133,Chennai,Home Office,2022-03-04
134,Customer_134,Kolkata,Corporate,2023-12-13
135,Customer_135,Bangalore,Corporate,2022-05-27
136,Customer_136,Bangalore,Consumer,2022-09-30
137,Customer_137,Chennai,Corporate,2022-06-10
138,Customer_138,Mumbai,Corporate,2022-10-10
139,Customer_139,Mumbai,Corporate,2023-05-16
140,Customer_140,Kolkata,Corporate,2023-10-06
141,Customer_141,Delhi,Consumer,2022-11-09
142,Customer_142,Kolkata,Consumer,2023-07-12
143,Customer_143,Chennai,Home Office,2023-03-17
144,Customer_144,Chennai,Corporate,2022-03-05
145,Customer_145,Chennai,Home Office,2023-01-12
146,Customer_146,Chennai,Consumer,2022-07-25
147,Customer_147,Chennai,Consumer,2022-05-27
148,Customer_148,Bangalore,Consumer,2022-10-14
149,Customer_149,Mumbai,Consumer,2023-09-16
150,Customer_150,Chennai,Consumer,2022-10-22
151,Customer_151,Delhi,Consumer,2022-04-18
152,Customer_152,Delhi,Consumer,2023-06-01
153,Customer_153,Delhi,Corporate,2023-10-25
154,Customer_154,Delhi,Home Office,2022-03-28
155,Customer_155,Bangalore,Consumer,2023-12-18
156,Customer_156,Delhi,Corporate,2022-12-31
157,Customer_157,Chennai,Corporate,2023-07-20
158,Customer_158,Kolkata,Home Office,2023-11-30
159,Customer_159,Delhi,Consumer,2023-02-17
160,Customer_160,Bangalore,Home Office,2022-08-03
161,Customer_161,Bangalore,Consumer,2022-07-23
162,Customer_162,Delhi,Corporate,2022-03-01
163,Customer_163,Kolkata,Corporate,2022-03-02
164,Customer_164,Delhi,Corporate,2023-02-18
165,Customer_165,Bangalore,Corporate,2023-05-03
166,Customer_166,Mumbai,Home Office,2022-12-22
167,Customer_167,Chennai,Consumer,2022-09-26
168,Customer_168,Bangalore,Consumer,2023-03-01
169,Customer_169,Delhi,Home Office,2022-07-24
170,Customer_170,Chennai,Consumer,2023-06-29
171,Customer_171,Delhi,Corporate,2023-08-19
172,Customer_172,Delhi,Consumer,2022-07-31
173,Customer_173,Mumbai,Corporate,2022-04-03
174,Customer_174,Chennai,Home Office,2023-02-14
175,Customer_175,Chennai,Consumer,2023-08-25
176,Customer_176,Mumbai,Home Office,2022-05-14
177,Customer_177,Bangalore,Consumer,2022-01-05
178,Customer_178,Delhi,Corporate,2023-02-26
179,Customer_179,Kolkata,Home Office,2023-11-26
180,Customer_180,Delhi,Consumer,2023-12-26
181,Customer_181,Delhi,Corporate,2023-12-26
182,Customer_182,Bangalore,Home Office,2023-02-01
183,Customer_183,Delhi,Home Office,2022-12-10
184,Customer_184,Mumbai,Consumer,2023-06-19
185,Customer_185,Mumbai,Consumer,2022-12-27
186,Customer_186,Chennai,Consumer,2022-09-13
187,Customer_187,Kolkata,Corporate,2022-05-02
188,Customer_188,Delhi,Consumer,2022-07-15
189,Customer_189,Delhi,Home Office,2023-05-25
190,Customer_190,Bangalore,Home Office,2023-12-05
191,Customer_191,Mumbai,Consumer,2022-08-26
192,Customer_192,Kolkata,Consumer,2023-02-21
193,Customer_193,Chennai,Home Office,2022-04-18
194,Customer_194,Mumbai,Corporate,2022-11-09
195,Customer_195,Chennai,Consumer,2023-11-11
196,Customer_196,Bangalore,Consumer,2023-06-24
197,Customer_197,Bangalore,Home Office,2022-11-17
198,Customer_198,Delhi,Consumer,2023-01-28
199,Customer_199,Kolkata,Corporate,2023-09-22
200,Customer_200,Chennai,Home Office,2022-11-20
201,Customer_201,Mumbai,Consumer,2023-09-14
202,Customer_202,Bangalore,Home Office,2022-09-18
203,Customer_203,Delhi,Consumer,2023-10-17
204,Customer_204,Delhi,Consumer,2023-03-14
205,Customer_205,Chennai,Consumer,2022-05-27
206,Customer_206,Bangalore,Corporate,2023-08-09
207,Customer_207,Kolkata,Corporate,2022-03-20
208,Customer_208,Bangalore,Home Office,2022-09-22
209,Customer_209,Chennai,Consumer,2023-05-01
210,Customer_210,Chennai,Consumer,2023-10-06
211,Customer_211,Bangalore,Corporate,2023-03-04
212,Customer_212,Chennai,Consumer,2022-01-22
213,Customer_213,Bangalore,Corporate,2022-12-03
214,Customer_214,Mumbai,Consumer,2023-03-03
215,Customer_215,Bangalore,Home Office,2022-07-08
216,Customer_216,Bangalore,Consumer,2023-04-25
217,Customer_217,Chennai,Consumer,2023-01-27
218,Customer_218,Chennai,Corporate,2022-12-01
219,Customer_219,Delhi,Consumer,2022-12-24
220,Customer_220,Delhi,Consumer,2022-09-01
221,Customer_221,Mumbai,Corporate,2023-12-17
222,Customer_222,Delhi,Home Office,2022-09-21
223,Customer_223,Bangalore,Home Office,2023-02-22
224,Customer_224,Chennai,Corporate,2022-08-06
225,Customer_225,Delhi,Corporate,2023-04-07
226,Customer_226,Delhi,Corporate,2023-03-15
227,Customer_227,Mumbai,Corporate,2023-01-11
228,Customer_228,Mumbai,Corporate,2023-12-14
229,Customer_229,Bangalore,Home Office,2022-05-26
230,Customer_230,Chennai,Home Office,2023-10-28
231,Customer_231,Mumbai,Corporate,2023-01-03
232,Customer_232,Delhi,Consumer,2022-06-11
233,Customer_233,Chennai,Corporate,2022-11-03
234,Customer_234,Chennai,Consumer,2022-01-27
235,Customer_235,Delhi,Corporate,2023-12-03
236,Customer_236,Mumbai,Corporate,2023-01-26
237,Customer_237,Delhi,Home Office,2023-03-21
238,Customer_238,Chennai,Consumer,2023-12-19
239,Customer_239,Kolkata,Consumer,2023-06-16
240,Customer_240,Kolkata,Home Office,2022-03-06
241,Customer_241,Bangalore,Home Office,2023-06-24
242,Customer_242,Delhi,Home Office,2022-03-08
243,Customer_243,Delhi,Home Office,2022-02-08
244,Customer_244,Bangalore,Consumer,2023-12-23
245,Customer_245,Bangalore,Consumer,2022-04-18
246,Customer_246,Bangalore,Corporate,2022-12-25
247,Customer_247,Chennai,Corporate,2023-07-08
248,Customer_248,Delhi,Home Office,2023-08-01
249,Customer_249,Chennai,Home Office,2023-11-22
250,Customer_250,Bangalore,Home Office,2022-07-22
251,Customer_251,Delhi,Corporate,2023-07-17
252,Customer_252,Chennai,Corporate,2023-10-19
253,Customer_253,Chennai,Corporate,2023-09-09
254,Customer_254,Bangalore,Corporate,2022-05-19
255,Customer_255,Delhi,Corporate,2022-11-14
256,Customer_256,Bangalore,Corporate,2023-07-31
257,Customer_257,Delhi,Corporate,2022-05-11
258,Customer_258,Kolkata,Home Office,2022-02-12
259,Customer_259,Mumbai,Home Office,2023-06-18
260,Customer_260,Mumbai,Home Office,2023-03-07
261,Customer_261,Mumbai,Home Office,2022-04-02
262,Customer_262,Bangalore,Corporate,2023-05-22
263,Customer_263,Kolkata,Consumer,2022-09-17
264,Customer_264,Delhi,Corporate,2022-08-30
265,Customer_265,Chennai,Consumer,2023-08-06
266,Customer_266,Delhi,Home Office,2023-12-16
267,Customer_267,Chennai,Corporate,2022-02-05
268,Customer_268,Delhi,Home Office,2022-01-18
269,Customer_269,Kolkata,Corporate,2023-11-08
270,Customer_270,Chennai,Home Office,2022-08-24
271,Customer_271,Bangalore,Consumer,2022-06-16
272,Customer_272,Delhi,Consumer,2022-09-14
273,Customer_273,Delhi,Consumer,2023-02-03
274,Customer_274,Chennai,Corporate,2022-04-20
275,Customer_275,Bangalore,Consumer,2022-11-03
276,Customer_276,Bangalore,Corporate,2022-12-16
277,Customer_277,Kolkata,Consumer,2023-12-02
278,Customer_278,Bangalore,Consumer,2022-06-12
279,Customer_279,Bangalore,Corporate,2023-10-03
280,Customer_280,Bangalore,Corporate,2022-05-08
281,Customer_281,Mumbai,Consumer,2022-12-10
282,Customer_282,Kolkata,Corporate,2022-10-14
283,Customer_283,Delhi,Consumer,2023-12-03
284,Customer_284,Chennai,Corporate,2022-10-08
285,Customer_285,Delhi,Home Office,2023-01-10
286,Customer_286,Kolkata,Home Office,2023-12-04
287,Customer_287,Chennai,Home Office,2023-01-26
288,Customer_288,Kolkata,Home Office,2023-06-02
289,Customer_289,Bangalore,Home Office,2022-01-17
290,Customer_290,Chennai,Consumer,2022-09-16
291,Customer_291,Bangalore,Home Office,2023-02-27
292,Customer_292,Delhi,Home Office,2022-05-16
293,Customer_293,Delhi,Home Office,2023-07-20
294,Customer_294,Chennai,Home Office,2022-11-02
295,Customer_295,Chennai,Corporate,2023-07-12
296,Customer_296,Kolkata,Consumer,2023-03-25
297,Customer_297,Kolkata,Home Office,2022-08-24
298,Customer_298,Bangalore,Home Office,2022-09-11
299,Customer_299,Chennai,Home Office,2022-05-07
300,Customer_300,Delhi,Consumer,2022-09-11
301,Customer_301,Kolkata,Corporate,2023-01-21
302,Customer_302,Kolkata,Consumer,2022-09-10
303,Customer_303,Delhi,Corporate,2022-04-01
304,Customer_304,Kolkata,Home Office,2023-10-21
305,Customer_305,Bangalore,Home Office,2023-08-21
306,Customer_306,Chennai,Consumer,2022-03-08
307,Customer_307,Delhi,Consumer,2022-06-25
308,Customer_308,Chennai,Corporate,2022-04-25
309,Customer_309,Kolkata,Corporate,2022-10-22
310,Customer_310,Kolkata,Consumer,2022-02-11
311,Customer_311,Delhi,Corporate,2023-01-08
312,Customer_312,Bangalore,Consumer,2023-06-03
313,Customer_313,Mumbai,Corporate,2023-06-04
314,Customer_314,Delhi,Consumer,2022-08-24
315,Customer_315,Mumbai,Consumer,2022-05-18
316,Customer_316,Mumbai,Consumer,2023-01-13
317,Customer_317,Bangalore,Corporate,2023-06-19
318,Customer_318,Mumbai,Corporate,2023-08-11
319,Customer_319,Mumbai,Corporate,2022-05-21
320,Customer_320,Bangalore,Consumer,2023-11-23
321,Customer_321,Mumbai,Corporate,2023-08-08
322,Customer_322,Mumbai,Corporate,2023-06-06
323,Customer_323,Mumbai,Consumer,2023-04-10
324,Customer_324,Delhi,Home Office,2023-10-24
325,Customer_325,Delhi,Consumer,2023-06-18
326,Customer_326,Delhi,Corporate,2023-02-19
327,Customer_327,Bangalore,Consumer,2023-01-28
328,Customer_328,Kolkata,Home Office,2022-10-23
329,Customer_329,Mumbai,Consumer,2023-08-04
330,Customer_330,Mumbai,Corporate,2023-08-28
331,Customer_331,Bangalore,Home Office,2022-09-07
332,Customer_332,Mumbai,Corporate,2023-08-09
333,Customer_333,Delhi,Home Office,2023-05-02
334,Customer_334,Kolkata,Home Office,2022-08-06
335,Customer_335,Chennai,Consumer,2022-06-27
336,Customer_336,Mumbai,Consumer,2023-02-19
337,Customer_337,Delhi,Corporate,2023-06-16
338,Customer_338,Chennai,Consumer,2022-01-22
339,Customer_339,Kolkata,Consumer,2023-01-16
340,Customer_340,Chennai,Home Office,2022-02-25
341,Customer_341,Delhi,Consumer,2022-03-13
342,Customer_342,Chennai,Home Office,2022-10-13
343,Customer_343,Bangalore,Home Office,2022-11-16
344,Customer_344,Chennai,Home Office,2023-08-01
345,Customer_345,Mumbai,Corporate,2022-02-16
346,Customer_346,Mumbai,Corporate,2022-11-12
347,Customer_347,Bangalore,Corporate,2023-04-10
348,Customer_348,Delhi,Home Office,2023-01-29
349,Customer_349,Mumbai,Corporate,2022-11-21
350,Customer_350,Kolkata,Corporate,2023-07-22
351,Customer_351,Mumbai,Consumer,2023-06-14
352,Customer_352,Mumbai,Corporate,2022-08-27
353,Customer_353,Delhi,Corporate,2022-07-25
354,Customer_354,Chennai,Home Office,2022-03-30
355,Customer_355,Mumbai,Home Office,2022-04-01
356,Customer_356,Bangalore,Home Office,2023-11-15
357,Customer_357,Chennai,Home Office,2022-03-08
358,Customer_358,Kolkata,Home Office,2023-03-07
359,Customer_359,Delhi,Home Office,2022-08-25
360,Customer_360,Kolkata,Corporate,2023-07-21
361,Customer_361,Chennai,Home Office,2022-03-18
362,Customer_362,Chennai,Home Office,2023-06-10
363,Customer_363,Chennai,Consumer,2023-09-02
364,Customer_364,Kolkata,Corporate,2023-05-23
365,Customer_365,Chennai,Corporate,2022-08-07
366,Customer_366,Kolkata,Corporate,2022-09-20
367,Customer_367,Chennai,Home Office,2023-03-27
368,Customer_368,Bangalore,Home Office,2023-07-18
369,Customer_369,Chennai,Home Office,2023-04-14
370,Customer_370,Kolkata,Consumer,2023-10-05
371,Customer_371,Mumbai,Home Office,2023-05-27
372,Customer_372,Chennai,Consumer,2023-05-03
373,Customer_373,Mumbai,Corporate,2022-09-16
374,Customer_374,Bangalore,Home Office,2022-08-13
375,Customer_375,Delhi,Consumer,2023-03-23
376,Customer_376,Bangalore,Consumer,2023-08-12
377,Customer_377,Chennai,Home Office,2023-09-16
378,Customer_378,Mumbai,Corporate,2023-07-13
379,Customer_379,Mumbai,Corporate,2023-07-28
380,Customer_380,Kolkata,Corporate,2023-04-10
381,Customer_381,Mumbai,Consumer,2022-04-06
382,Customer_382,Kolkata,Consumer,2023-05-03
383,Customer_383,Delhi,Consumer,2022-05-18
384,Customer_384,Chennai,Consumer,2022-03-09
385,Customer_385,Kolkata,Corporate,2023-05-18
386,Customer_386,Delhi,Home Office,2023-04-29
387,Customer_387,Mumbai,Consumer,2023-03-16
388,Customer_388,Mumbai,Consumer,2022-03-01
389,Customer_389,Delhi,Corporate,2022-10-09
390,Customer_390,Mumbai,Home Office,2023-09-24
391,Customer_391,Delhi,Home Office,2022-06-13
392,Customer_392,Kolkata,Corporate,2023-08-05
393,Customer_393,Kolkata,Corporate,2022-10-11
394,Customer_394,Delhi,Home Office,2022-02-14
395,Customer_395,Kolkata,Consumer,2022-11-26
396,Customer_396,Kolkata,Home Office,2022-03-14
397,Customer_397,Kolkata,Corporate,2023-05-26
398,Customer_398,Bangalore,Consumer,2022-06-06
399,Customer_399,Chennai,Consumer,2022-08-15
400,Customer_400,Mumbai,Corporate,2023-06-24
401,Customer_401,Bangalore,Corporate,2023-05-07
402,Customer_402,Kolkata,Corporate,2022-09-19
403,Customer_403,Delhi,Home Office,2023-03-23
404,Customer_404,Kolkata,Home Office,2023-01-01
405,Customer_405,Chennai,Consumer,2023-01-06
406,Customer_406,Kolkata,Corporate,2022-06-19
407,Customer_407,Delhi,Consumer,2022-10-12
408,Customer_408,Chennai,Consumer,2022-09-12
409,Customer_409,Kolkata,Consumer,2022-01-31
410,Customer_410,Chennai,Consumer,2023-10-23
411,Customer_411,Mumbai,Corporate,2022-08-02
412,Customer_412,Mumbai,Consumer,2023-09-10
413,Customer_413,Kolkata,Corporate,2022-12-23
414,Customer_414,Chennai,Corporate,2023-09-18
415,Customer_415,Delhi,Home Office,2023-08-26
416,Customer_416,Kolkata,Corporate,2022-07-28
417,Customer_417,Mumbai,Home Office,2022-12-27
418,Customer_418,Mumbai,Corporate,2023-10-06
419,Customer_419,Kolkata,Corporate,2023-11-05
420,Customer_420,Chennai,Corporate,2022-12-15
421,Customer_421,Mumbai,Home Office,2023-06-25
422,Customer_422,Chennai,Home Office,2023-11-08
423,Customer_423,Mumbai,Consumer,2022-11-13
424,Customer_424,Mumbai,Home Office,2023-03-03
425,Customer_425,Bangalore,Home Office,2023-03-18
426,Customer_426,Mumbai,Home Office,2022-12-25
427,Customer_427,Delhi,Home Office,2023-03-19
428,Customer_428,Kolkata,Consumer,2022-07-11
429,Customer_429,Kolkata,Home Office,2022-08-04
430,Customer_430,Chennai,Corporate,2023-07-08
431,Customer_431,Mumbai,Corporate,2022-02-04
432,Customer_432,Delhi,Home Office,2022-07-02
433,Customer_433,Chennai,Home Office,2023-04-15
434,Customer_434,Bangalore,Corporate,2022-07-24
435,Customer_435,Chennai,Corporate,2023-09-22
436,Customer_436,Chennai,Consumer,2023-01-10
437,Customer_437,Mumbai,Corporate,2023-07-31
438,Customer_438,Bangalore,Corporate,2022-09-21
439,Customer_439,Chennai,Home Office,2023-08-15
440,Customer_440,Delhi,Corporate,2022-01-03
441,Customer_441,Delhi,Consumer,2023-09-03
442,Customer_442,Kolkata,Corporate,2023-07-21
443,Customer_443,Bangalore,Home Office,2023-01-05
444,Customer_444,Bangalore,Home Office,2022-12-11
445,Customer_445,Kolkata,Corporate,2022-02-22
446,Customer_446,Chennai,Home Office,2022-01-18
447,Customer_447,Bangalore,Consumer,2023-06-13
448,Customer_448,Delhi,Consumer,2022-05-16
449,Customer_449,Delhi,Corporate,2022-05-30
450,Customer_450,Mumbai,Corporate,2022-02-04
451,Customer_451,Bangalore,Corporate,2022-10-06
452,Customer_452,Chennai,Home Office,2022-12-24
453,Customer_453,Kolkata,Consumer,2023-12-30
454,Customer_454,Kolkata,Consumer,2023-07-31
455,Customer_455,Chennai,Home Office,2023-05-12
456,Customer_456,Mumbai,Consumer,2023-12-08
457,Customer_457,Kolkata,Corporate,2023-01-23
458,Customer_458,Bangalore,Corporate,2023-09-12
459,Customer_459,Mumbai,Corporate,2022-05-25
460,Customer_460,Bangalore,Consumer,2023-03-13
461,Customer_461,Delhi,Corporate,2023-05-15
462,Customer_462,Mumbai,Home Office,2023-12-26
463,Customer_463,Kolkata,Home Office,2023-09-06
464,Customer_464,Mumbai,Consumer,2023-07-21
465,Customer_465,Mumbai,Home Office,2022-10-30
466,Customer_466,Mumbai,Home Office,2022-03-22
467,Customer_467,Mumbai,Consumer,2022-01-08
468,Customer_468,Bangalore,Corporate,2022-08-06
469,Customer_469,Delhi,Corporate,2023-06-06
470,Customer_470,Chennai,Corporate,2023-01-12
471,Customer_471,Mumbai,Consumer,2023-02-05
472,Customer_472,Kolkata,Home Office,2022-10-04
473,Customer_473,Mumbai,Corporate,2022-08-09
474,Customer_474,Kolkata,Corporate,2023-02-15
475,Customer_475,Bangalore,Consumer,2023-12-23
476,Customer_476,Kolkata,Corporate,2022-04-16
477,Customer_477,Chennai,Consumer,2023-02-06
478,Customer_478,Delhi,Home Office,2023-07-19
479,Customer_479,Kolkata,Consumer,2022-01-16
480,Customer_480,Kolkata,Consumer,2022-03-22
481,Customer_481,Delhi,Consumer,2023-06-16
482,Customer_482,Chennai,Consumer,2022-07-26
483,Customer_483,Mumbai,Home Office,2022-11-12
484,Customer_484,Kolkata,Home Office,2022-05-06
485,Customer_485,Delhi,Corporate,2022-11-30
486,Customer_486,Bangalore,Home Office,2023-04-18
487,Customer_487,Delhi,Home Office,2022-08-05
488,Customer_488,Bangalore,Corporate,2023-05-20
489,Customer_489,Chennai,Home Office,2022-08-29
490,Customer_490,Mumbai,Consumer,2023-03-18
491,Customer_491,Delhi,Consumer,2023-10-23
492,Customer_492,Kolkata,Corporate,2023-06-09
493,Customer_493,Chennai,Corporate,2022-03-01
494,Customer_494,Delhi,Corporate,2022-11-10
495,Customer_495,Kolkata,Consumer,2022-03-31
496,Customer_496,Delhi,Home Office,2022-01-16
497,Customer_497,Bangalore,Consumer,2023-10-31
498,Customer_498,Delhi,Corporate,2023-07-21
499,Customer_499,Delhi,Home Office,2022-09-15
500,Customer_500,Delhi,Home Office,2022-02-11
